{
  "timestamp": "2026-02-23T12:30:08",
  "pla": 129434.66837277518,
  "growth_rate": -457.3155272248259
}