{
  "timestamp": "2026-02-12T15:44:58",
  "pla": 109663.49066128796,
  "growth_rate": 5.944161287960014
}