{
  "timestamp": "2026-02-14T12:30:07",
  "pla": 114240.86411638609,
  "growth_rate": 2995.6562163860945
}