{
  "timestamp": "2026-02-28T12:30:09",
  "pla": 143055.95923668524,
  "growth_rate": -4526.3688633147685
}