{
  "timestamp": "2026-04-21T19:59:29",
  "pla": 106440.99827328615,
  "growth_rate": 80032.70577328616
}