{
  "timestamp": "2026-02-08T11:24:07",
  "pla": 110756.82944484064,
  "growth_rate": 2028.4866448406392
}