{
  "timestamp": "2026-02-13T12:30:09",
  "pla": 111245.207887792,
  "growth_rate": 1587.6613877920026
}