{
  "timestamp": "2026-02-08T12:37:10",
  "pla": 110923.07369691713,
  "growth_rate": 35.66489691712195
}