{
  "timestamp": "2026-02-10T12:30:08",
  "pla": 112632.3023739758,
  "growth_rate": 491.63817397580715
}