{
  "timestamp": "2026-02-08T12:53:23",
  "pla": 110897.95489989058,
  "growth_rate": 7.861599890587968
}