{
  "timestamp": "2026-02-20T12:30:07",
  "pla": 137378.53586905787,
  "growth_rate": -1898.4825309421285
}