{
  "timestamp": "2026-02-15T12:30:07",
  "pla": 118415.953325975,
  "growth_rate": 4175.089225974996
}