{
  "timestamp": "2026-02-08T13:07:51",
  "pla": 110944.9328027265,
  "growth_rate": 46.97790272650309
}