{
  "timestamp": "2026-03-01T12:30:08",
  "pla": 98289.66101835667,
  "growth_rate": -44766.298181643346
}