{
  "timestamp": "2026-02-21T12:30:28",
  "pla": 132174.72646063345,
  "growth_rate": -5203.809439366538
}