{
  "timestamp": "2026-04-21T20:06:54",
  "pla": 106440.99827328615,
  "growth_rate": -2.671385300345719e-05
}