{
  "timestamp": "2026-02-26T12:30:08",
  "pla": 145299.96901990462,
  "growth_rate": 4902.000319904619
}