{
  "timestamp": "2026-02-27T12:30:08",
  "pla": 147582.3281115615,
  "growth_rate": 2282.359111561498
}