{
  "timestamp": "2026-02-08T13:09:38",
  "pla": 110955.09536946243,
  "growth_rate": 10.162569462438114
}