{
  "timestamp": "2026-02-09T12:30:08",
  "pla": 112140.66423980726,
  "growth_rate": 1253.2554398072534
}