{
  "timestamp": "2026-02-11T12:30:07",
  "pla": 112019.09693206043,
  "growth_rate": -613.205467939566
}