{
  "timestamp": "2026-02-19T12:30:08",
  "pla": 139277.01838325552,
  "growth_rate": 2465.2852832555072
}