{
  "timestamp": "2026-02-08T12:44:16",
  "pla": 110889.13455894995,
  "growth_rate": -33.939141050039325
}