{
  "timestamp": "2026-04-21T19:51:42",
  "pla": 26408.292522762637,
  "growth_rate": -71881.36847723735
}