{
  "timestamp": "2026-02-16T12:30:08",
  "pla": 123692.24292734628,
  "growth_rate": 5276.289627346283
}