{
  "timestamp": "2026-02-17T12:30:07",
  "pla": 130388.7991666998,
  "growth_rate": 6696.556266699801
}