{
  "timestamp": "2026-02-08T12:49:58",
  "pla": 110890.09329166089,
  "growth_rate": 0.958691660882323
}