{
  "timestamp": "2026-02-22T12:30:08",
  "pla": 129891.98387589218,
  "growth_rate": -2282.7426241078065
}