{
  "timestamp": "2026-02-18T12:30:08",
  "pla": 136811.73309035186,
  "growth_rate": 6422.933890351866
}