{
  "timestamp": "2026-02-12T12:30:11",
  "pla": 109657.54651848014,
  "growth_rate": -2361.550381519861
}